,num_ratings,positive_rating,price,wine_type,country,world,grape,region,rating_score
"""The Astronomer"" Chardonnay 2016 De Bortoli",61,54,6.99,white wine,australian,new world,,,0.885245902
"'Angels' Share' Shiraz 2015 Two Hands, McLaren Vale",34,34,21.99,red wine,australian,new world,,,1
A Lisa 2015 Bodega NoemÌa de Patagonia,16,15,28,fine wine,argentinian,new world,merlot,,0.9375
A Sticky End Noble Sauvignon Blanc Half Bottle,13,12,17.99,white wine,new-zealand,new world,,marlborough wine,0.923076923
A.Gauvin Gevrey Chambertin 2015,3,3,40,fine wine,french,old world,,burgundy,1
AIX RosÈ 2017 Coteaux d'Aix en Provence Magnum,36,34,26.99,rose wine,french,old world,,,0.944444444
Abbott's & Delaunay Fruits Sauvage Sauvignon Blanc 2017,0,0,9.99,white wine,,,,,
Abbotts & Delaunay Viognier 2015,43,41,9.99,white wine,french,old world,,south of france,0.953488372
Acacia Road Chenin Blanc,22,19,7.99,white wine,,,,,0.863636364
Acacia Road Merlot,18,17,7.99,red wine,,,merlot,,0.944444444
Acacia Road Pinotage,7,5,7.99,red wine,,,,,0.714285714
Acacia Road Sauvignon Blanc,14,14,7.99,white wine,,,,,1
"Agenda, D„o Manager's Choice 2015",87,78,9.99,red wine,portuguese,old world,,,0.896551724
Alain Grignon Carignan Vieilles Vignes 2016 PGI Pays de l'HÈrault,97,94,7.99,red wine,french,old world,,south of france,0.969072165
Alamos Lujan De Cuyo Cabernet 2016,15,14,9.99,red wine,argentinian,new world,,,0.933333333
Alamos Uco Valley Chardonnay 2016,13,13,9.99,white wine,argentinian,new world,chardonnay,,1
Alamos Uco Valley Malbec 2016/17,73,68,9.99,red wine,argentinian,new world,,,0.931506849
Alamos Uco Valley Viognier 2016,10,6,9.99,white wine,argentinian,new world,,,0.6
Amarone Classico ?Vigneti di Roccolo? 2014 Cantina Negrar,49,48,22.99,red wine,italian,old world,,,0.979591837
Ammazza Montepulciano 2016,5,5,9.99,red wine,,,,,1
Ammazza Pinot Grigio IGT,54,44,9.99,white wine,,,,,0.814814815
"Antony's Yard 2014 Graham Beck, Western Cape",84,72,9.99,red wine,south-african,new world,,,0.857142857
Araldica Fazzoletto Passito 2016,17,13,11.99,red wine,,,,,0.764705882
Aresti 'Trisquel' Altitud Merlot 2015,3,2,16.99,red wine,,,,,0.666666667
Aresti Bellavista Sauvignon Gris 2017,1,0,10.99,white wine,,,,,0
Arraigo Benegas Old Vine,4,3,24.99,red wine,,,,,0.75
Arraigo Benegas Single Vineyard Blend 2012,7,4,16.99,red wine,,,,,0.571428571
Ata Rangi Craighall Chardonnay 2014 Martinborough,2,2,40,fine wine,new-zealand,new world,chardonnay,,1
Au Bon Climat Pinot Noir 'Isabelle' 2013 California,11,8,55,fine wine,,,pinot noir,,0.727272727
Aurore de Dauzac 2014,1,1,30,fine wine,french,old world,,bordeaux,1
BDX Claret,4,4,9.99,red wine,,,merlot,,1
Balfour 1503 Brut NV England,12,12,25.99,white wine,,,chardonnay,,1
Balfour 1503 RosÈ NV England,13,13,25.99,white wine,,,chardonnay,,1
Barbaresco 2014 De Forville,20,14,17.99,red wine,italian,old world,,,0.7
Barbera d?Alba Villa de Forville 2016 De Forville,33,28,13.99,red wine,italian,old world,,,0.848484848
Barbera d?Asti 2015 De Forville,23,19,13.99,red wine,italian,old world,,,0.826086957
Bardolino 'Naiano' 2016 Allegrini,40,31,9.99,red wine,italian,old world,,,0.775
Barista Pinotage 2017 Western Cape,161,132,9.99,red wine,south-african,new world,,,0.819875776
Barolo 2012 Ciabot Berton,26,25,30,fine wine,italian,old world,,,0.961538462
Barolo 2012 Natale Verga,26,17,22.99,red wine,italian,old world,,,0.653846154
Barolo Araldica 2012,25,19,17.99,red wine,italian,old world,,,0.76
Baron Edmond de Rothschild Montagne St Emilion,3,3,19.99,red wine,french,old world,,bordeaux,1
Beaujolais LantigniÈ 2016 Louis Jadot,37,27,11.99,red wine,french,old world,,,0.72972973
Beefsteak Club Malbec 2016 Mendoza,206,171,9.99,red wine,argentinian,new world,,,0.830097087
Bellingham 'The Bernard Series' Old Vine Chenin Blanc 2017 Western Cape,72,63,13.49,white wine,south-african,new world,,,0.875
Bellingham 'The Bernard Series' Viognier 2017 Western Cape,60,54,13.49,white wine,south-african,new world,,,0.9
Bellingham Pinopasso Pinotage 2015 Coastal Region,58,52,10.99,red wine,south-african,new world,,,0.896551724
"Ben Marco Malbec 2016/17 Dominio del Plata, Mendoza",86,77,14.99,red wine,argentinian,new world,,,0.895348837
Beringer Founders' Estate Cabernet Sauvignon 2012 Central California,6,4,14.99,red wine,,,,california,0.666666667
"Beringer Founders' Estate Chardonnay 2015/16, Central and N. California",7,7,14.99,white wine,,,,california,1
Beringer Knights Valley Napa Cabernet 2015,0,0,30,red wine,,,,,
Beyerskloof Reserve Pinotage 2016 Western Cape,112,104,10.99,red wine,south-african,new world,,,0.928571429
Bienbebido Pulpo AlbariÒo 2016 Vintae,56,53,8.99,white wine,spanish,old world,,,0.946428571
Black Cottage Pinot Gris 2016 Marlborough,28,26,12.99,white wine,new-zealand,new world,,marlborough wine,0.928571429
Black Cottage RosÈ 2016 Marlborough,17,17,12.99,rose wine,new-zealand,new world,,marlborough wine,1
Black Cottage Sauvignon Blanc 2016 Marlborough,120,109,11.99,white wine,new-zealand,new world,sauvignon blanc,marlborough wine,0.908333333
Blind River Tekau Sauvignon Blanc 2015 Awatere Valley,9,7,22,fine wine,,,sauvignon blanc,,0.777777778
Bodega Volcanes Carmenere 2016,29,24,11.99,red wine,chilean,new world,,,0.827586207
Boschendal Lanoy Sauvignon Blanc 2016 Coastal Region,70,59,9.99,white wine,south-african,new world,sauvignon blanc,,0.842857143
Bourgogne Chardonnay 'Les ChenaudiËres' 2016 Cave de Lugny,67,61,11.99,white wine,french,old world,,,0.910447761
Bourgogne Chardonnay Domaine Jomain 2016,5,4,16.99,white wine,,,,,0.8
Bourgogne Chardonnay Thibert,2,1,14.99,white wine,french,old world,,burgundy,0.5
Bourgogne CÙte Chalonnaise 2016 La Buxynoise,9,8,13.99,white wine,french,old world,,,0.888888889
Bourgogne Pinot Noir 2015 Louis Latour,25,15,16.99,red wine,french,old world,pinot noir,,0.6
Bourgogne Pinot Noir 2015 Nicolas Potel,82,68,13.99,red wine,french,old world,pinot noir,,0.829268293
Bouvet Ladubay Saumur NV France,97,93,12.99,white wine,french,old world,,,0.958762887
Bouvet Saumur RosÈ Brut ,38,37,12.99,white wine,french,old world,,,0.973684211
Brancott Estate Sauvignon Blanc 2016 Marlborough,326,298,10.99,white wine,new-zealand,new world,sauvignon blanc,marlborough wine,0.914110429
Brown Brothers Orange Muscat and Flora Half Bottle,16,16,8.99,white wine,australian,new world,,,1
Caixas AlbariÒo 2016 RÌas Baixas,129,120,9.99,white wine,spanish,old world,,,0.930232558
Campofiorin 2014 Masi,68,58,14.99,red wine,italian,old world,,,0.852941176
Capaia Merlot Cabernet 2015,82,72,10.99,red wine,south-african,new world,merlot,,0.87804878
Capo Martino 2012 Jermann,0,0,50,fine wine,italian,old world,,,
Carlino Bianco 2016,5,4,5.99,white wine,,,,,0.8
Carlino Rosso 2016,17,13,5.99,red wine,italian,old world,,,0.764705882
Castelnau de Suduiraut 2011 Sauternes,3,3,13.99,white wine,french,old world,sauvignon blanc,bordeaux,1
Castillo de Albai Rioja,4,4,8.99,red wine,,,,,1
Catena Barrel Fermented Chardonnay 2016 Mendoza,30,26,13.99,white wine,argentinian,new world,chardonnay,,0.866666667
Catena Malbec 2015 Mendoza,198,186,13.99,red wine,argentinian,new world,malbec,,0.939393939
Ch. Clos de Vaulicheres Chablis 1er Cru Vaucoupin 2015,0,0,27.99,fine wine,,,,chablis,
Chablis 'La MaladiËre' 2015 William FËvre,24,21,16.99,white wine,french,old world,chardonnay,burgundy,0.875
Chablis 1er Cru 'Montmains' 2013 Vocoret,11,11,22.99,white wine,french,old world,chardonnay,burgundy,1
Chablis 1er Cru CÙte de LÈchet 2003 Defaix-Raveneau,2,2,30,fine wine,french,old world,,burgundy,1
Chablis 1er Cru Fourchaume 2016 SÈguinot-Bordet,7,6,25,fine wine,french,old world,chardonnay,burgundy,0.857142857
Chablis 1er Cru Fourchaume Domaine Chatelain,2,2,27.99,white wine,french,old world,,burgundy,1
Chablis Elodie DuprÈs 2016,21,20,16.99,white wine,french,old world,chardonnay,burgundy,0.952380952
Chablis Grand Acacia J. Moreau & Fils,0,0,18.99,white wine,french,old world,,burgundy,
Chablis Vieilles Vignes 2016 Vocoret,12,12,19.99,white wine,french,old world,,burgundy,1
Champ Libre Chenin Blanc 2016,11,7,9.99,white wine,french,old world,sauvignon blanc,,0.636363636
Chandon Brut NV Argentina,29,27,17.99,white wine,argentinian,new world,chardonnay,,0.931034483
Chandon RosÈ NV Argentina,16,16,17.99,white wine,,,chardonnay,,1
Chapel Down Brut NV England,44,42,22.99,white wine,,,chardonnay,,0.954545455
Charmes De Kirwan 2010,7,6,35,fine wine,french,old world,,bordeaux,0.857142857
Chateau Cotes De Blaignan 2014 Medoc,10,8,12.99,red wine,french,old world,merlot,bordeaux,0.8
Chateau D'Arsac Margaux,0,0,28,red wine,,,,,
Chateau Musar 2001,0,0,33,fine wine,,,,,
Chateau Tour Haut Caussan,3,2,14.99,red wine,,,,,0.666666667
Chateau Vieux Maillet Pomerol 2007,0,0,32,fine wine,french,old world,,bordeaux,
Chateau de Chassagne Montrachet 2014,0,0,39.99,fine wine,,,,,
Chateau de Fesles Anjou Blanc 2015,0,0,13.99,white wine,french,old world,,,
Chianti Classico Riserva 2013 Villa Antinori,4,3,25,fine wine,italian,old world,,,0.75
Chianti Poggio Galiga 2015 Grati,69,55,9.99,red wine,italian,old world,,,0.797101449
Chronic Cellars Eunice X 2015,4,3,17.99,white wine,,,,,0.75
Chronic Cellars Purple Paradise 2015 Paso Robles,85,76,17.99,red wine,,,,,0.894117647
"Ch‚teau Cantemerle 2005 Haut-MÈdoc, 5Ëme Cru ClassÈ",0,0,65,fine wine,french,old world,merlot,bordeaux,
Ch‚teau Chantalouette 2014  Pomerol,12,8,22.99,red wine,french,old world,,bordeaux,0.666666667
Ch‚teau Coufran 2006 Haut-MÈdoc Cru Bourgeois SupÈrieur,30,22,18.99,red wine,french,old world,,bordeaux,0.733333333
Ch‚teau D'Yquem 1990 Sauternes,0,0,450,fine wine,french,old world,sauvignon blanc,bordeaux,
Ch‚teau Doisy Daene 2005,0,0,35,fine wine,,,,,
"Ch‚teau Grand Puy Lacoste 2000 Pauillac, 5Ëme Cru ClassÈ",0,0,175,fine wine,french,old world,merlot,bordeaux,
"Ch‚teau Guiot RosÈ 2015 CostiËres de NÓmes, France",37,30,8.99,rose wine,french,old world,,,0.810810811
Ch‚teau Herve Laroque 2014 Fronsac,23,20,14.99,red wine,french,old world,,bordeaux,0.869565217
"Ch‚teau La Rame 2015 Ste-Croix-du-Mont, 50cl",10,10,14.99,white wine,french,old world,sauvignon blanc,bordeaux,1
Ch‚teau Montviel Pomerol 2002,0,0,35,fine wine,french,old world,,bordeaux,
Ch‚teau Moulin de Curat 2014,2,0,12.99,red wine,,,,,0
Ch‚teau Musar 1998 Gaston Hochar,0,0,37,fine wine,,,,,
Ch‚teau Musar 2000 Gaston Hochar,0,0,33,fine wine,,,,,
Ch‚teau Musar 2006 Gaston Hochar,55,50,27.99,red wine,,,,,0.909090909
Ch‚teau Musar 2006 Gaston Hochar Magnum,3,3,54.99,red wine,,,,,1
Ch‚teau Musar White 2007 Gaston Hochar,18,10,22,fine wine,,,,,0.555555556
Ch‚teau MÈaume 2013 Bordeaux SupÈrieur,119,95,11.99,red wine,french,old world,merlot,bordeaux,0.798319328
"Ch‚teau Pierbone 2006, MÈdoc",21,17,11.99,red wine,french,old world,,bordeaux,0.80952381
Ch‚teau Pierrousselle 2015,6,4,8.99,red wine,french,old world,,,0.666666667
Ch‚teau Pigoudet ?La Chapelle? RosÈ 2016 Coteaux d?Aix-en-Provence,35,33,12.99,rose wine,french,old world,,,0.942857143
Ch‚teau Recougne 2015 Bordeaux SupÈrieur,107,89,9.99,red wine,french,old world,merlot,bordeaux,0.831775701
Ch‚teau Tour Massac Margaux  2010,0,0,35,red wine,french,old world,,bordeaux,
Ch‚teau Tronquoy-Lalande St Estephe 2013,2,2,29.99,fine wine,french,old world,,bordeaux,1
Ch‚teau de Berne RosÈ 2016 CÙtes de Provence,76,64,15.99,rose wine,french,old world,,,0.842105263
Ch‚teau de Pennautier 2015 CabardËs,46,38,11.99,red wine,french,old world,merlot,south of france,0.826086957
Ch‚teau de Tracy 2016 Pouilly-FumÈ,8,8,25,fine wine,french,old world,,,1
Ch‚teau des Maures 2015 Lalande de Pomerol,9,5,15.99,red wine,french,old world,,bordeaux,0.555555556
Ch‚teau d?Yquem 1988 Sauternes,2,2,480,fine wine,french,old world,sauvignon blanc,bordeaux,1
Ch‚teauneuf du Pape Prestige De Princes 2015,7,6,21.99,red wine,french,old world,,,0.857142857
Ch‚teauneuf-du-Pape 2012 Clos de L'Oratoire,3,3,61.99,red wine,french,old world,,,1
Ch‚teauneuf-du-Pape Vignoble Abeille 2014 Mont Redon,13,13,28,fine wine,french,old world,,,1
Cillar De Silos Amalio 2014,0,0,50,fine wine,,,,,
Cillar de Silos Crianza 2014 Ribera del Duero,36,30,19.99,red wine,spanish,old world,tempranillo,,0.833333333
Clos du Bois Chardonnay 2015 North Coast,18,16,16.99,white wine,,,chardonnay,california,0.888888889
Cloudy Bay Pelorus NV,52,45,24.99,white wine,new-zealand,new world,,,0.865384615
Cloudy Bay Pelorus RosÈ NV New Zealand,11,10,24.99,white wine,new-zealand,new world,chardonnay,,0.909090909
Cloudy Bay Sauvignon Blanc 2017 Marlborough,76,71,25.99,white wine,new-zealand,new world,,marlborough wine,0.934210526
Commanderie de Peyrassol RosÈ 2016 CÙtes de Provence,19,16,13.99,rose wine,french,old world,,,0.842105263
Conde de San Cristobal 2014 Ribera del Duero,13,11,16.99,red wine,spanish,old world,tempranillo,,0.846153846
Contesa Pecorino 2016 IGT Colline Pescaresi,62,57,9.99,white wine,italian,old world,,,0.919354839
Copertino 2013 Masseria Monaci,55,47,9.99,red wine,italian,old world,,,0.854545455
Corolla Nero d'Avola 2016 Sicily,86,76,8.99,red wine,italian,old world,,,0.88372093
"Cortese 2017 Araldica, Piemonte",10,9,8.99,white wine,italian,old world,,,0.9
"Craggy Range Te Kahu 2013 Gimblett Gravels, Hawke's Bay",12,11,17.99,red wine,new-zealand,new world,merlot,,0.916666667
"CuvÈe Diane 2012 ViÒalba, Mendoza",9,8,40,fine wine,argentinian,new world,,,0.888888889
CuvÈe Sainte GeneviËve Rouge nv Vin de France,23,14,6.99,red wine,french,old world,,south of france,0.608695652
CÙte de Beaune-Villages 2014 Louis Jadot,18,13,21.49,red wine,french,old world,pinot noir,burgundy,0.722222222
CÙte de Nuits-Villages 2014 Nicolas Potel,20,16,19.99,red wine,french,old world,pinot noir,,0.8
CÙtes du RhÙne 2014 E. Guigal,196,183,12.99,red wine,french,old world,,,0.933673469
CÙtes du RhÙne 2015 Vidal-Fleury,54,49,11.99,red wine,french,old world,,,0.907407407
CÙtes du RhÙne Belleruche 2016 M.Chapoutier,155,140,11.99,red wine,french,old world,,,0.903225806
CÙtes-Du-RhÙne 2016 Les Fustiers,57,44,8.99,red wine,french,old world,,,0.771929825
CÙtes-du-RhÙne Blanc 2016 LÈon Perdigal,22,20,9.99,white wine,french,old world,,,0.909090909
CÙtÈ Mas Rouge 2016 PGI Pays d'Oc,40,34,7.99,red wine,french,old world,merlot,south of france,0.85
"Days of Summer 2016 Miguel Torres, Itata Valley",23,20,8.99,white wine,chilean,new world,,,0.869565217
"Decoy Zinfandel 2015 Duckhorn, Sonoma County",13,11,25,red wine,,,,california,0.846153846
Definition Albarino 2016,21,21,11.99,white wine,spanish,old world,,,1
Definition Beaujolais Villages 2016,33,29,11.99,red wine,french,old world,,,0.878787879
Definition Chardonnay 2016,55,51,11.99,white wine,french,old world,,south of france,0.927272727
Definition Chenin Blanc 2017,18,17,12.99,white wine,south-african,new world,,,0.944444444
Definition Chianti Classico 2013,40,32,12.99,red wine,italian,old world,,,0.8
Definition Claret 2012,43,30,13.99,red wine,french,old world,merlot,bordeaux,0.697674419
Definition CÙtes Du RhÙne 2016,84,70,10.99,red wine,french,old world,,,0.833333333
Definition Gavi DOCG 2017,0,0,11.99,white wine,italian,old world,,,
Definition Gruner Veltliner 2017,7,7,10.99,white wine,,,,,1
Definition Marlborough Pinot Noir 2016,39,38,15.99,red wine,new-zealand,new world,,marlborough wine,0.974358974
Definition Marlborough Sauvignon Blanc 2016,61,55,10.99,white wine,new-zealand,new world,,marlborough wine,0.901639344
Definition Medoc Claret,0,0,11.99,red wine,,,,,
Definition Pinot Grigio 2016,32,28,11.99,white wine,italian,old world,,,0.875
Definition Provence RosÈ 2016,7,5,11.99,rose wine,,,,,0.714285714
Definition Shiraz 2016,25,21,12.99,red wine,australian,new world,,,0.84
Definition Viognier,51,41,10.99,white wine,french,old world,,south of france,0.803921569
Definition Zinfandel 2016,133,130,9.99,red wine,,,,california,0.977443609
"Dehesa Gago, Tinta de Toro 2016",1,1,14.99,red wine,,,,,1
Devil's Creek Marlborough Sauvignon Blanc 2016,119,109,9.99,white wine,new-zealand,new world,,marlborough wine,0.915966387
Devil's Creek Pinot Noir,5,2,11.99,red wine,new-zealand,new world,,marlborough wine,0.4
Diemersdal Gruner Veltliner 2017 Durbanville,12,10,11.99,white wine,south-african,new world,,,0.833333333
Dogajolo Carpineto 2015 Toscana,77,66,11.99,red wine,italian,old world,,,0.857142857
Dolcetto d?Alba 2015 De Forville,21,16,11.99,red wine,italian,old world,,,0.761904762
Domaine Bouzereau Gruere Puligny Montrachet 2015,0,0,43,fine wine,,,chardonnay,,
Domaine Chatelain Chablis 2015,5,4,17.99,white wine,french,old world,chardonnay,burgundy,0.8
Domaine Compostelle Pomerol 2011,1,1,26.99,red wine,french,old world,,bordeaux,1
Domaine La Chautarde RosÈ 2016/17 CÙteaux Varois en Provence,98,89,9.99,rose wine,french,old world,,,0.908163265
Domaine Les Yeuses 'Les Epices' Syrah 2015 PGI Pays d'Oc,57,46,9.99,red wine,french,old world,,south of france,0.807017544
Domaine Martin St Veran 'Les Maillettes' 2015,6,6,17.99,white wine,,,,,1
Domaine Pardon Julienas 2016,7,5,12.99,red wine,french,old world,,,0.714285714
Domaine Saint FerrÈol Viognier 2015 PGI Pays d'Oc,26,26,13.99,white wine,french,old world,,south of france,1
Domaine de Villargeau 2016 CÙteaux du Giennois,58,54,12.99,white wine,french,old world,sauvignon blanc,,0.931034483
"Domaine de Villemajou 2015 CorbiËres Boutenac, GÈrard Bertrand",28,25,16.99,red wine,french,old world,,south of france,0.892857143
Domaine du Vaux Chenonceaux 2016,4,2,14.99,white wine,french,old world,,,0.5
Doudet Naudin Bouzeron Aligote,2,2,14.99,white wine,,,,,1
Dourthe RÈserve Sauvignon Blanc 2016 Bordeaux Blanc Sec,28,23,11.99,white wine,french,old world,sauvignon blanc,bordeaux,0.821428571
Dr Loosen Blue Slate Riesling BA,0,0,19.99,white wine,,,,,
Dr Loosen Slate Hill Riesling 2016,32,24,10.99,white wine,,,riesling,,0.75
Dreams Chardonnay 2014 Jermann,0,0,42,fine wine,italian,old world,chardonnay,,
Duc de Belmont CÙteaux Bourguignons 2015 Loron et Fils,20,19,11.49,red wine,french,old world,,,0.95
Edna Valley Chardonnay 2015,74,69,15.99,white wine,,,chardonnay,,0.932432432
Edna Valley Pinot Noir 2015,92,87,15.99,red wine,,,pinot noir,,0.945652174
Emilio Moro 2015 Ribera del Duero,78,74,17.99,red wine,spanish,old world,tempranillo,,0.948717949
Errazuriz Estate Series CarmenËre 2016 Aconcagua Valley,108,96,9.99,red wine,chilean,new world,,,0.888888889
Errazuriz Estate Series Chardonnay 2016 Casablanca Valley,58,52,9.99,white wine,chilean,new world,chardonnay,,0.896551724
Errazuriz Estate Series Merlot 2016 Valle de CuricÛ,51,46,9.99,red wine,chilean,new world,merlot,,0.901960784
Errazuriz Sauvignon Blanc 2017 Casablanca Valley,80,70,9.99,white wine,chilean,new world,,,0.875
Errazuriz Single Vineyard Sauvignon Blanc 2016 Casablanca Valley,43,40,11.99,white wine,chilean,new world,sauvignon blanc,,0.930232558
Escarpment Kiwa 2015,0,0,34,red wine,new-zealand,new world,,,
Escarpment Te Rehua 2013,0,0,70,fine wine,,,,,
Esprit de Begude Pinot Noir 2013 Haute VallÈe de L'Aude,10,10,17.99,red wine,french,old world,pinot noir,,1
Esprit de Pennautier 2014 Cabardes,18,18,24.99,red wine,french,old world,,south of france,1
Excellence Ormarine Picpoul,8,7,10.99,white wine,french,old world,,,0.875
Fairbourne Sauvignon Blanc 2016 Marlborough,13,10,16.99,white wine,new-zealand,new world,sauvignon blanc,marlborough wine,0.769230769
Falanghina 2016 Terredora,41,38,12.99,white wine,italian,old world,,,0.926829268
Fattori Soave 2016,19,19,9.99,white wine,italian,old world,,,1
Faustino 1 Gran Reserva 1994 Rioja,18,18,37.5,fine wine,spanish,old world,tempranillo,rioja,1
Faustino 1 Gran Reserva 2005 Rioja,18,17,22.99,red wine,spanish,old world,tempranillo,rioja,0.944444444
Ferraton Cotes du Rhone Villages Signargues,0,0,11.99,red wine,,,,,
Filsell Shiraz 2015,1,1,27.99,red wine,australian,new world,,,1
Finca Carelio Tempranillo 2015 Vino de la Tierra,204,187,9.99,red wine,spanish,old world,,,0.916666667
Finca Dofi 2014 Alvaro Palacio,0,0,90,fine wine,,,,,
Fine Wine Aficionado Case x6,0,0,205,fine wine,,,,,
First Class Pinot Noir 2015 Bio Bio Valley,80,64,7.99,red wine,chilean,new world,pinot noir,,0.8
Fleurie Lafayette 2015,2,2,12.99,red wine,,,,,1
Flowers 'Camp Meeting Ridge'  Chardonnay 2013 Sonoma Coast,0,0,120,fine wine,,,,california,
Flowers Camp Ridge Pinot Noir 2013,0,0,120,fine wine,,,pinot noir,california,
Flowers Sonoma Coast Pinot Noir 2016,0,0,60,fine wine,,,,california,
Frankland Estate Riesling 2016,1,1,15.99,white wine,,,,,1
Gavi 2016 Araldica,62,58,9.99,white wine,italian,old world,,,0.935483871
Gavi 2016 La Toledana,145,130,14.99,white wine,italian,old world,,,0.896551724
Geoffrey Martin St Veran,4,4,16.99,white wine,,,chardonnay,,1
Gew¸rztraminer 'Les Princes AbbÈs' 2015 Domaines Schlumberger,17,17,16.99,white wine,french,old world,,,1
Giesen Sauvignon Blanc 2016 Marlborough,161,142,9.99,white wine,new-zealand,new world,sauvignon blanc,marlborough wine,0.881987578
Gigondas Carobelle,0,0,17.99,white wine,,,,,
Glenelly Lady May 2010,0,0,35,fine wine,south-african,new world,,,
"Gnarly Dudes Shiraz 2016 Two Hands, Barossa Valley",39,37,21.99,red wine,australian,new world,,,0.948717949
Goldwater Sauvignon Blanc 2016 Marlborough,126,114,11.99,white wine,new-zealand,new world,sauvignon blanc,marlborough wine,0.904761905
Governo Toscana IGT,13,11,11.99,red wine,,,,,0.846153846
Graham Beck Brut RosÈ NV,32,31,14.99,white wine,south-african,new world,chardonnay,,0.96875
Graham Norton's Own Sauvignon Blanc 2016 Marlborough,137,129,10.99,white wine,new-zealand,new world,sauvignon blanc,marlborough wine,0.941605839
Gran Volante Tinto 2016,9,7,9.99,red wine,spanish,old world,tempranillo,,0.777777778
Grato Grati Rosso di Toscana 1991,39,33,29.99,fine wine,italian,old world,,,0.846153846
Guado al Tasso 2014 Bolgheri Antinori,0,0,100,fine wine,italian,old world,merlot,,
Hardys Tintara Sangiovese,0,0,15,red wine,australian,new world,,,
Haut Poitou Sauvignon Blanc 2016 Pierre Sauvion,28,27,9.99,white wine,french,old world,sauvignon blanc,,0.964285714
Haut Vol RosÈ 2016 Vin de France,54,49,8.99,rose wine,french,old world,,,0.907407407
Heggies Chardonnay 2013 Eden Valley,10,9,17.99,white wine,australian,new world,chardonnay,,0.9
"Hey Malbec! 2017 Matias Riccitelli, Mendoza",179,162,12.99,red wine,argentinian,new world,,,0.905027933
Historialis Cahors Malbec 2016,1,1,11.99,red wine,,,,,1
Hospices de Beaujeu 2015,9,9,11.49,red wine,french,old world,,,1
Incanta Pinot Noir 2016,78,67,7.99,red wine,,,pinot noir,,0.858974359
"Invivo Sauvignon Blanc 2017 Awatere Valley, Marlborough",66,62,11.99,white wine,new-zealand,new world,sauvignon blanc,marlborough wine,0.939393939
Jaboulet Syrah 2013,8,6,11.99,red wine,french,old world,,,0.75
"Kaiken Seleccion Especial Malbec 2016, Mendoza",74,68,9.99,red wine,,,,,0.918918919
Kangarilla Road Chardonnay 2016 Adelaide Hills,16,11,13.99,white wine,australian,new world,,,0.6875
Kangarilla Road Primitivo 2015,8,7,13.99,red wine,australian,new world,,,0.875
Kangarilla Road Shiraz 2016 McLaren Vale,114,108,13.99,red wine,australian,new world,,,0.947368421
Kanonkop Cabernet Sauvignon 2012 Stellenbosch,14,12,28,fine wine,south-african,new world,,,0.857142857
Kanonkop Kadette Pinotage 2016,4,4,13.99,red wine,,,,,1
Kanonkop Pinotage 2015 Stellenbosch,22,20,28,fine wine,south-african,new world,,,0.909090909
Klein Constantia Sauvignon Blanc 2016 Constantia,24,22,13.99,white wine,south-african,new world,sauvignon blanc,,0.916666667
Krasno Sauvignon Blanc Ribolla 2016,124,112,8.99,white wine,,,sauvignon blanc,,0.903225806
Kuhlmann-Platz Pinot Blanc 2016 Cave de Hunawihr,11,11,11.99,white wine,french,old world,,,1
Kuhlmann-Platz Riesling 2016 Cave de Hunawihr,27,25,11.99,white wine,french,old world,riesling,,0.925925926
L'Etoile de Begude Chardonnay 2016 Limoux,24,23,15.99,white wine,french,old world,,,0.958333333
L'Extra par Langlois Brut NV CrÈmant de Loire,38,35,13.99,white wine,french,old world,chardonnay,,0.921052632
L'Extra par Langlois RosÈ NV CrÈmant de Loire,20,20,13.99,white wine,french,old world,,,1
LA Spinetta Barbaresco Valeirano 2011,0,0,130,fine wine,,,,,
La Baume Grande Olivette Malbec 2015,50,45,7.99,red wine,french,old world,malbec,south of france,0.9
"La Baume La Grande Olivette, Chenin Blanc Vdf",4,2,7.99,white wine,,,,south of france,0.5
La Belle Angele Rose 2017,2,2,8.99,rose wine,,,,,1
La Belle Angele Sauvignon Blanc 2016,53,48,8.99,white wine,french,old world,sauvignon blanc,,0.905660377
La Font Reserva 2011 Valencia,43,36,6.99,red wine,spanish,old world,,,0.837209302
La Garnacha 2015 Salvaje del Moncayo,53,50,9.99,red wine,spanish,old world,,,0.943396226
La Grange des Combes 2015 AOC St-Chinian-Roquebrun,70,67,12.99,red wine,french,old world,,south of france,0.957142857
La Marotte,0,0,9.99,red wine,,,,,
La RÈserve de LÈoville-Barton 2014 St-Julien,18,12,36,fine wine,french,old world,,bordeaux,0.666666667
La Spinetta Barbaresco Starderi 2011,0,0,125,fine wine,italian,old world,,,
La Spinetta Gallina 2011,0,0,130,fine wine,italian,old world,,,
La Spinetta Starderi 2013,0,0,130,fine wine,italian,old world,,,
La Spinetta Valeirano 2013,0,0,130,fine wine,italian,old world,,,
La Vieille Ferme 2016 Perrin et Fils,45,38,8.99,red wine,french,old world,,,0.844444444
Ladoix Rouge 1er Cru 'Les CorvÈes' 2013 Domaine Chevalier,2,2,30,fine wine,french,old world,pinot noir,,1
Lady Sauvignon 2016 Casablanca Valley,34,30,7.99,white wine,chilean,new world,sauvignon blanc,,0.882352941
Langhe Nebbiolo 2016 De Forville,24,21,11.99,red wine,italian,old world,,,0.875
Laroche Chablis 1er Forneaux 2015,0,0,30,fine wine,,,,chablis,
Las Maletas Malbec 2017 Mendoza,149,134,8.99,red wine,argentinian,new world,malbec,,0.899328859
Lastarria Malbec 2016,24,21,7.99,red wine,chilean,new world,malbec,,0.875
Lay & Wheeler Barolo 2011,3,2,30,fine wine,italian,old world,,,0.666666667
Lay & Wheeler Brunello di Montalcino 2011,6,6,32,fine wine,italian,old world,,,1
Lay & Wheeler Chablis 2014,3,0,30,fine wine,french,old world,chardonnay,burgundy,0
Lay & Wheeler Cote d'Or Les Charmes,1,0,45,fine wine,french,old world,,burgundy,0
Lay & Wheeler St Emilion 2014,6,2,24.99,fine wine,french,old world,,bordeaux,0.333333333
Lay and Wheeler Rioja Gran Reserva 2008,18,16,30,fine wine,spanish,old world,tempranillo,rioja,0.888888889
Le Palajo Limoux Chardonnay 2015 Dom de la Metairie d'Alon,8,8,22.99,white wine,french,old world,chardonnay,,1
Le Volte dell' Ornellaia 2015,11,10,23.99,red wine,italian,old world,merlot,,0.909090909
Les Pagodes de Cos 2005 St-EstËphe,0,0,80,fine wine,french,old world,merlot,bordeaux,
Les Roitelieres Muscadet Serve et Maine 2017,1,1,9.99,white wine,,,,,1
Lirac 2016 Domaine des Garrigues,26,23,11.99,red wine,french,old world,,,0.884615385
Lorgeril Chardonnay,1,0,11.99,white wine,,,,south of france,0
Louis Latour Pouilly Vinzelles,1,1,22.99,white wine,french,old world,,burgundy,1
Louison Rose 2016 Coteaux D'Aix En Provence,8,8,9.99,rose wine,,,,,1
Luis Felipe Edwards Gran Reserva Chardonnay 2017 Casablanca Valley,105,98,9.99,white wine,chilean,new world,,,0.933333333
Luis Felipe Edwards Gran Reserva Merlot 2015 Colchagua Valley,94,89,9.99,red wine,chilean,new world,merlot,,0.946808511
Luis Felipe Edwards Signature Series Syrah Reserva 2016 Central Valley,40,34,7.99,red wine,chilean,new world,,,0.85
Luis Felipe Edwards Signature Series Viognier Reserva 2017 Rapel Valley,62,50,7.99,white wine,chilean,new world,,,0.806451613
M de Minuty Magnum RosÈ 2016 CÙtes de Provence,2,2,29.99,rose wine,french,old world,,,1
M de Minuty RosÈ 2016 CÙtes de Provence,130,114,13.99,rose wine,french,old world,,,0.876923077
Majestic Loves Chardonnay 2016,12,9,6.99,white wine,south-african,new world,chardonnay,,0.75
Majestic Loves Fizz,32,31,7.99,white wine,,,,,0.96875
Majestic Loves Gruner Veltliner 2016,61,52,6.99,white wine,,,,,0.852459016
Majestic Loves Merlot 2016,34,29,6.99,red wine,,,,,0.852941176
Majestic Loves Montepulciano 2016,53,41,6.99,red wine,italian,old world,,,0.773584906
Majestic Loves Pinot Grigio 2016,36,30,6.99,white wine,,,,,0.833333333
Majestic Loves Rose 2016,16,10,6.99,rose wine,italian,old world,,,0.625
Majestic Loves Sauvignon 2017,30,28,6.99,white wine,chilean,new world,sauvignon blanc,,0.933333333
Majestic Loves Shiraz 2016,27,21,6.99,red wine,australian,new world,,,0.777777778
Majestic Loves Spanish Red 2016,64,56,6.99,red wine,spanish,old world,tempranillo,rioja,0.875
Marchesi Antinori Chianti Classico 2014 Tenuta Tignanello,1,1,35,fine wine,italian,old world,,,1
Marea Chardonnay 2016,1,1,15.99,white wine,,,,,1
Marea Syrah 2012,3,3,15.99,red wine,,,,,1
Marlborough Ridge Sauvignon Blanc 2016 Giesen,132,123,8.99,white wine,new-zealand,new world,sauvignon blanc,marlborough wine,0.931818182
Marques Tertiaro Gran Reservado 2011,44,34,8.99,red wine,spanish,old world,tempranillo,rioja,0.772727273
Marquis de Belleville 2014 Bordeaux SupÈrieur,59,49,7.99,red wine,french,old world,merlot,bordeaux,0.830508475
Marquis de Pennautier Viognier 2016 PGI Pays d'Oc,50,39,10.99,white wine,french,old world,,south of france,0.78
"Mas de la Dona, Cotes de Roussillon Villages 2017",0,0,11.99,red wine,french,old world,,,
Massey Dacta Sauvignon Blanc 2016 Marlborough,26,24,12.99,white wine,new-zealand,new world,sauvignon blanc,marlborough wine,0.923076923
Massolino Barolo 2012 Piedmont,2,0,60,fine wine,italian,old world,,,0
Matsu El Viejo 2015 Toro,46,45,24.99,red wine,spanish,old world,tempranillo,,0.97826087
Mendel Selection Malbec 2015,8,7,22.99,red wine,argentinian,new world,malbec,,0.875
Meursault 2013 Ch‚teau de Puligny-Montrachet,0,0,60,fine wine,,,,,
Minuty CuvÈe Prestige 2016 CÙtes de Provence,20,18,17.99,rose wine,french,old world,,,0.9
Miraval RosÈ 2016 CÙtes de Provence,27,23,19.99,rose wine,french,old world,,,0.851851852
Mister Shiraz 2016 Colchagua Valley,44,39,7.99,red wine,chilean,new world,,,0.886363636
Mon Plaisir de la Vallee Cabernet Franc 2015,6,4,8.99,red wine,french,old world,,,0.666666667
Mon Plaisir du Sud Blanc 2016,9,7,7.99,white wine,french,old world,,south of france,0.777777778
Mon Plaisir du Sud Rouge 2016,15,14,7.99,red wine,french,old world,,south of france,0.933333333
Mont Saint Jean 2016 CorbiËres,80,65,7.99,red wine,french,old world,,,0.8125
Montagny 1er Cru 'Les MilliËres' 2016 Cave des Vignerons de Buxy,188,177,13.99,white wine,french,old world,,,0.941489362
Montagny Vieilles Vignes 2014 Buxy,21,20,11.99,white wine,french,old world,,,0.952380952
Montepulciano d'Abruzzo 2015 Masciarelli,43,41,11.99,red wine,italian,old world,,,0.953488372
Montepulciano d'Abruzzo 2016 Grifone,230,187,6.99,red wine,italian,old world,,,0.813043478
Montes Twins 2015 Colchagua Valley,31,29,9.99,red wine,chilean,new world,,,0.935483871
Morande M Chardonnay 2016,44,40,8.99,white wine,chilean,new world,chardonnay,,0.909090909
Morande M Pinot Noir 2016,23,13,8.99,red wine,chilean,new world,,,0.565217391
Morande Reserva One to One Pais 2016,28,23,8.99,red wine,chilean,new world,,,0.821428571
MorandÈ one to one Gewurztraminer 2017,48,45,8.99,white wine,chilean,new world,,,0.9375
"Mountain View CarmenËre 2016 Luis Felipe Edwards, Central Valley",54,45,6.99,red wine,chilean,new world,,,0.833333333
Mud House Claim 431 Pinot Noir 2014 Central Otago,8,5,16.99,red wine,new-zealand,new world,pinot noir,,0.625
Mud House Pinot Noir 2015 Central Otago,27,23,14.99,red wine,new-zealand,new world,pinot noir,,0.851851852
Mud House Sauvignon Blanc 2016/17 Marlborough,339,322,9.49,white wine,new-zealand,new world,,marlborough wine,0.949852507
Muscadet 2014/13 Le Pallet,34,32,13.99,white wine,french,old world,,,0.941176471
Muscadet 2016 Jean Sablenay,52,45,7.99,white wine,french,old world,,,0.865384615
Muscadet de SËvre et Maine Sur Lie 2016 Domaine de la Tourmaline,87,79,8.99,white wine,french,old world,,,0.908045977
M‚con Rouge 'Les Roches Rouges' 2015 Louis Jadot,69,60,13.99,red wine,french,old world,pinot noir,,0.869565217
M‚con-FuissÈ Vieilles Vignes 2016 Christophe Cordier,6,4,16.99,white wine,french,old world,chardonnay,,0.666666667
M‚con-Lugny 2015/16 Domaine des Terres Gentilles,45,41,11.49,white wine,french,old world,,,0.911111111
M‚con-Lugny 2015/2016 Louis Latour,292,274,12.99,white wine,french,old world,,,0.938356164
M‚con-Villages 'Les Roches Blanches' 2016 Louis Jadot,138,126,12.99,white wine,french,old world,chardonnay,,0.913043478
M‚con-Villages 2015 Domaine Des MarÈchaudes,33,29,9.99,white wine,french,old world,chardonnay,,0.878787879
M‚con-Villages Blanc 'Les Pierres Blanches' 2016 Cave de Lugny,232,214,11.49,white wine,french,old world,chardonnay,,0.922413793
Nero Oro Appassimento 2016,86,76,9.99,red wine,italian,old world,,,0.88372093
Nettie Viognier 2016 ,45,40,8.99,white wine,,,,,0.888888889
Nord Est Vermentino 2016 Cantina del Vermentino,28,25,9.99,white wine,italian,old world,,,0.892857143
Nyetimber Classic CuvÈe NV England,55,52,36.99,white wine,,,chardonnay,,0.945454545
Nyetimber Rose NV,6,6,44.99,white wine,,,,,1
Oyster Bay Chardonnay 2016 Marlborough,36,32,10.49,white wine,new-zealand,new world,chardonnay,marlborough wine,0.888888889
Oyster Bay Merlot 2015 Hawke's Bay,54,46,10.49,red wine,new-zealand,new world,merlot,,0.851851852
Oyster Bay Sauvignon Blanc 2017 Marlborough,400,383,10.49,white wine,new-zealand,new world,,marlborough wine,0.9575
Papa Luna 2014 Calatayud,28,23,9.99,red wine,spanish,old world,,,0.821428571
Parcel Series English Fizz,13,11,29.99,white wine,,,,,0.846153846
"Parrilla Malbec 2015 ViÒalba, Mendoza",118,106,9.99,red wine,argentinian,new world,,,0.898305085
Paso Creek Cabernet Sauvignon 2015 Paso Robles,47,45,16.99,red wine,,,,,0.957446809
Passimento 2015 Pasqua,247,235,11.99,red wine,italian,old world,merlot,,0.951417004
Passimento Bianco 2016 Pasqua,89,80,11.99,white wine,italian,old world,,,0.898876404
Paul Mas Estate Marsanne 'La Forge Vineyard' 2016 PGI Pays d?Oc,45,37,10.99,white wine,french,old world,,south of france,0.822222222
Paul Mas Merlot 2016 PGI Pays d'Oc,20,18,9.99,red wine,french,old world,merlot,south of france,0.9
Peirano Estate Old Vine Zinfandel 2015 Lodi,37,36,15.99,red wine,,,,california,0.972972973
Peller Cabernet Franc Icewine 2013 Niagara Peninsula Half Bottle,0,0,50,fine wine,,,,,
Peller Estates Riesling Icewine 2013 Niagara Peninsula,2,1,40,fine wine,,,riesling,,0.5
Penfolds Bin A 2012,0,0,75,fine wine,australian,new world,chardonnay,,
Penfolds Magill 2015,0,0,135,fine wine,,,,,
Penfolds Magill Estate 2003,2,2,260,fine wine,australian,new world,,,1
Penfolds RWT Shiraz 2014 Magnum,0,0,210,fine wine,australian,new world,,,
Penfolds Yattarna 2015,0,0,150,fine wine,,,,,
Penfolds Yattarna Chardonnay 2013,2,2,125,fine wine,australian,new world,chardonnay,,1
Peter & Ulrich Dry Riesling 2015/2016,47,45,12.99,white wine,,,,,0.957446809
Peter Lehmann Riesling 2015 Eden Valley,39,31,11.99,white wine,australian,new world,riesling,,0.794871795
Petit Chablis 2015 SÈguinot-Bordet,7,5,15.99,white wine,french,old world,chardonnay,burgundy,0.714285714
Petit Perdigal Rouge 2016,29,26,7.99,red wine,french,old world,,,0.896551724
Pierre Usseglio CDR,4,4,14.99,red wine,french,old world,,,1
Pietrariccia Fiano 2016 Surani,76,71,9.99,white wine,italian,old world,,,0.934210526
Pinot Grigio RosÈ 2016 Breganze,158,139,8.99,rose wine,italian,old world,,,0.879746835
Pinot Grigio Superiore 2016 Breganze,142,120,8.49,white wine,italian,old world,,,0.845070423
Pinot Grigio Villa Vito 2016,22,16,7.99,white wine,italian,old world,,,0.727272727
Pinot Noir Domaine de Valmoissine 2014/15 Louis Latour,77,61,13.99,red wine,french,old world,,south of france,0.792207792
Pizarras de Otero 2015 Bierzo,51,45,8.49,red wine,spanish,old world,,,0.882352941
Pizarras de Otero RosÈ 2016 Bierzo,27,26,8.49,rose wine,spanish,old world,,,0.962962963
Planeta 2016 Cometa,8,7,28,fine wine,italian,old world,,,0.875
Porcupine Ridge Chenin 2016,6,6,9.99,white wine,,,,,1
Porcupine Ridge Syrah Viognier 2015 Western Cape,66,57,9.99,red wine,south-african,new world,,,0.863636364
Porta 6 2015 Magnum,20,19,16.99,red wine,portuguese,old world,,,0.95
Porta 6 2015/2016 Lisboa,1111,1063,8.99,red wine,portuguese,old world,,,0.95679568
Porta 6 Reserva 2015,199,188,11.99,red wine,portuguese,old world,,,0.944723618
Porta 6 RosÈ 2017,52,49,8.99,rose wine,,,,,0.942307692
Porta 6 Vinho Verde,132,118,8.99,white wine,,,,,0.893939394
Pouilly FumÈ Grebet 2015 Les Chants de Cri,3,3,15.99,white wine,,,,,1
Pouilly Loche Les Mures Trou.,1,1,21.99,white wine,,,,,1
Pouilly-Fuisse Domaine Dutron,2,2,24.99,white wine,french,old world,,burgundy,1
Pouilly-FuissÈ 'Les Vignes Blanches' 2015 Domaine Cordier,3,3,27,fine wine,french,old world,chardonnay,,1
Pouilly-FuissÈ 2016 Domaine Cordier,7,6,21.99,white wine,french,old world,chardonnay,,0.857142857
Prima Perla Grand Reserve Brut NV,7,5,13.99,white wine,french,old world,chardonnay,,0.714285714
Primitivo 2016 Natale Verga,61,49,7.99,red wine,italian,old world,,,0.803278689
Puligny Montrachet 1er Cru Champ Gains Chavy 2014,0,0,55,fine wine,french,old world,chardonnay,,
Puligny-Montrachet 2013 Ch‚teau de Puligny-Montrachet,0,0,50,fine wine,,,,,
Quartz Reef Pinot Noir 2015 Central Otago,26,18,21,fine wine,new-zealand,new world,pinot noir,,0.692307692
Ragged Point Sauvignon Blanc 2017,52,40,8.99,white wine,new-zealand,new world,sauvignon blanc,,0.769230769
Ramey Ritchie Vineyard Chardonnay 2013 Russian River Valley,0,0,60,fine wine,,,chardonnay,california,
Ramos Reserva 2015 Vinho Regional Alentejano,73,66,8.99,red wine,portuguese,old world,,,0.904109589
Ravenswood Lodi Zinfandel 2014,280,266,14.99,red wine,,,,california,0.95
Reino de San Adrian Rioja Gran Reserva 2008,4,3,16.99,red wine,,,,,0.75
Rezabal Txakoli 2017,1,1,11.99,white wine,,,,,1
Rioja Blanco 2016 LÛpez de Haro,83,75,8.99,white wine,spanish,old world,,rioja,0.903614458
Rioja Blanco 2016 Muga,39,34,12.99,white wine,spanish,old world,,rioja,0.871794872
Rioja Crianza 2014 CVNE,120,105,9.99,red wine,spanish,old world,,rioja,0.875
Rioja Gran Reserva 2007 MarquÈs de Riscal,10,9,32,fine wine,spanish,old world,tempranillo,rioja,0.9
Rioja Gran Reserva 2008 Lagunilla,117,100,11.99,red wine,spanish,old world,tempranillo,rioja,0.854700855
Rioja Gran Reserva 2009 ViÒa Alarde,223,192,11.99,red wine,spanish,old world,,rioja,0.860986547
Rioja Gran Reserva 2009/2010 MarquÈs de C·ceres,30,30,21.99,red wine,spanish,old world,,rioja,1
Rioja Lanzaga Compania de Vinos Telmo Rodriguez 2011,0,0,24.99,red wine,spanish,old world,,rioja,
Rioja Reserva 2011 Lagunilla,139,122,9.99,red wine,spanish,old world,,rioja,0.877697842
Rioja Reserva 2011 MarquÈs de C·ceres,47,44,15.99,red wine,spanish,old world,tempranillo,rioja,0.936170213
Rioja Reserva 2012 MarquÈs de Riscal Magnum,16,16,34.99,red wine,spanish,old world,,rioja,1
Rioja Reserva 2012 MarquÈs de Vargas,28,24,17.99,red wine,spanish,old world,tempranillo,rioja,0.857142857
Rioja Reserva 2012 ViÒa Alarde,354,298,9.99,red wine,spanish,old world,,rioja,0.84180791
Rioja Reserva 2013 Beronia,142,136,16.99,red wine,spanish,old world,,rioja,0.957746479
Rioja Reserva 2013 MarquÈs de Riscal,288,274,16.99,red wine,spanish,old world,tempranillo,rioja,0.951388889
Rioja Reserva 2013 ViÒa EguÌa,450,394,9.99,red wine,spanish,old world,,rioja,0.875555556
Rioja Reserva 2013/14 CVNE,173,161,13.99,red wine,spanish,old world,,rioja,0.930635838
Rioja Reserva Imperial 2014 CVNE,25,24,24.99,red wine,spanish,old world,,rioja,0.96
Rioja Reserva ViÒa Ardanza 2007/2008 La Rioja Alta,112,109,25.99,red wine,spanish,old world,tempranillo,rioja,0.973214286
Rioja Reserva ViÒa Ardanza 2008 La Rioja Alta,4,3,49.99,red wine,spanish,old world,tempranillo,rioja,0.75
"Roaring Meg Pinot Noir 2015 Mt Difficulty, Central Otago",37,33,19.99,red wine,new-zealand,new world,pinot noir,,0.891891892
Roda Rioja Reserva 2012,0,0,29,fine wine,,,,,
Route 88 White Zinfandel 2015,10,8,8.49,rose wine,,,,,0.8
Royal Tokaji 5 Puttonyos 2013 Hungary,16,15,24,white wine,,,,,0.9375
Royal Tokaji Dry Tokaji 2015,27,21,11.99,white wine,,,,,0.777777778
Royal Tokaji Gold Label 2013,3,3,40,fine wine,,,,,1
Royal Tokaji Late Harvest 2015,16,15,11.99,white wine,,,,,0.9375
"Rully Rouge ""En Rosey"" 2015 Maison Chanzy",7,6,17.99,red wine,french,old world,pinot noir,,0.857142857
"Russian Jack Pinot Gris 2016, Marlborough",18,18,10.99,white wine,,,,,1
Russian Jack Pinot Noir 2014 Martinborough Vineyards,28,25,13.99,red wine,new-zealand,new world,pinot noir,,0.892857143
Russian Jack Sauvignon Blanc 2016 Marlborough,186,164,10.99,white wine,new-zealand,new world,sauvignon blanc,marlborough wine,0.88172043
Rustenberg John X Merriman 2015 Stellenbosch,68,63,17.99,red wine,south-african,new world,merlot,,0.926470588
Rustenberg Peter Barlow Cabernet Sauvignon 2011 Stellenbosch,2,2,35,fine wine,south-african,new world,,,1
Rustenberg RM Nicholson 2016 Stellenbosch,89,83,13.49,red wine,south-african,new world,,,0.93258427
Rustenberg Sauvignon Blanc 2017 Western Cape,22,21,12.49,white wine,south-african,new world,,,0.954545455
Rustenberg Straw Wine 2015 Coastal Region,13,11,11.99,white wine,south-african,new world,,,0.846153846
Rymill Classic Cabernet 2014,2,2,19.99,red wine,,,,,1
Rymill Classic Shiraz 2014,0,0,19.99,red wine,,,,,
"S&R Douro Red, 2016",8,7,11.99,red wine,portuguese,old world,,,0.875
Saint Clair Estate Selection Pinot Noir 2016 Marlborough,23,20,13.99,red wine,new-zealand,new world,pinot noir,marlborough wine,0.869565217
Saint Clair Estate Selection Sauvignon Blanc 2016 Marlborough,94,89,12.99,white wine,new-zealand,new world,sauvignon blanc,marlborough wine,0.946808511
Saint Clair Pioneer Block Chardonnay 2016 Marlborough,16,16,18.99,white wine,new-zealand,new world,chardonnay,marlborough wine,1
Saint Clair Pioneer Block Pinot Noir 2015 Marlborough,59,58,21.99,red wine,new-zealand,new world,pinot noir,marlborough wine,0.983050847
Saint Clair Pioneer Block Sauvignon Blanc 2016 Marlborough,115,110,19.99,white wine,new-zealand,new world,sauvignon blanc,marlborough wine,0.956521739
Saint Clair Reserve Sauvignon Blanc 2016 Marlborough,25,24,24.99,fine wine,new-zealand,new world,sauvignon blanc,marlborough wine,0.96
Saint-VÈran 2014 Les Vignerons des Grandes Vignes,24,18,12.99,white wine,french,old world,chardonnay,,0.75
Saint-VÈran 2016 Domaine Thibert PËre et Fils,26,22,19.99,white wine,french,old world,chardonnay,,0.846153846
Saintsbury Chardonnay 2012 Carneros,17,17,22.99,white wine,,,chardonnay,,1
Santa Rita 120 Cabernet Franc 2016 Central Valley,35,32,8.99,red wine,chilean,new world,,,0.914285714
Santa Rita 120 CarmÈnËre 2016 Central Valley,210,184,8.99,red wine,chilean,new world,,,0.876190476
Santa Rita 120 Merlot 2017 Central Valley,121,104,8.99,red wine,chilean,new world,merlot,,0.859504132
Santa Rita 120 Sauvignon Blanc 2017 Central Valley,26,22,8.99,white wine,chilean,new world,sauvignon blanc,,0.846153846
Santa Rita 120 Viognier 2017 Central Valley,75,63,8.99,white wine,chilean,new world,,,0.84
Santa Rita Medalla Real Cabernet Sauvignon 2014 Maipo Valley,74,68,11.99,red wine,chilean,new world,,,0.918918919
Santa Rita Medalla Real CarmenËre 2015 Colchagua Valley,128,124,11.99,red wine,chilean,new world,,,0.96875
Santa Rita Medalla Real Chardonnay 2016 Leyda Valley,57,54,11.99,white wine,chilean,new world,,,0.947368421
Sassaiolo Rosso Piceno 2014 Monte Schiavo,41,33,8.99,red wine,italian,old world,,,0.804878049
Schild Estate Cabernet Sauvignon,10,8,14.99,red wine,,,,,0.8
Schild Estate Merlot,3,3,14.99,red wine,,,,,1
"Sexy Beast Cabernet 2015 Two Hands, McLaren Vale",19,18,21.99,red wine,australian,new world,,,0.947368421
Silver Ghost Cabernet Sauvignon 2016 Central Valley,146,130,6.49,red wine,chilean,new world,,,0.890410959
Silver Ghost Sauvignon Blanc 2017 Central Valley,182,157,6.49,white wine,chilean,new world,sauvignon blanc,,0.862637363
Soave Classico 2016 Inama,27,26,15.99,white wine,italian,old world,,,0.962962963
St Aubin 1er Cru Les Cortons 2015 Hubert Bouzereau,2,2,38,fine wine,french,old world,,,1
Stella Alpina Pinot Grigio 2016 Alto Adige,49,44,12.99,white wine,italian,old world,,,0.897959184
Swartland Limited Release Mourvedre 2015,27,23,11.99,red wine,south-african,new world,,,0.851851852
Tarima Monastrell 2015 Alicante,39,35,8.99,red wine,spanish,old world,,,0.897435897
Taylor's Colhita Tawny Port 1966,2,2,150,fine wine,portuguese,old world,,,1
Taylor's Vintage Port 1985,0,0,95,fine wine,portuguese,old world,,,
Ten Minutes by Tractor Estate Pinot Noir 2015 Mornington Peninsular,8,4,46,fine wine,australian,new world,pinot noir,,0.5
Ten Minutes by Tractor Wallis Chardonnay 2015 Mornington Peninsula,0,0,50,fine wine,australian,new world,,,
Ten Minutes by Tractor Wallis Pinot Noir 2015 Mornington Peninsula,0,0,58,fine wine,australian,new world,pinot noir,,
Tenacity Old Vine Shiraz 2016,34,30,14.99,red wine,australian,new world,,,0.882352941
Testimonio 2013/2014 Luigi Bosca,22,22,12.99,red wine,argentinian,new world,,,1
The Astronomer Shiraz 2016 De Bortoli,90,80,6.99,red wine,australian,new world,,,0.888888889
The Chocolate Block 2014 Boekenhoutskloof,0,0,49.99,red wine,south-african,new world,,,
"The Chocolate Block 2015 Boekenhoutskloof, Western Cape",41,37,25,fine wine,south-african,new world,,,0.902439024
The Cup And Rings AlbariÒo Sobre Lias 2013/2014 Valedorras,16,14,12.99,white wine,spanish,old world,,,0.875
The Cup And Rings Godello Sobre Lias 2015 Monterrai,10,7,12.99,white wine,spanish,old world,,,0.7
The Guv'nor! 2016,186,166,8.99,red wine,spanish,old world,,,0.892473118
The King's Favour Sauvignon Blanc 2016 Marlborough,48,41,13.99,white wine,new-zealand,new world,sauvignon blanc,marlborough wine,0.854166667
The King's Legacy Chardonnay 2016 Marlborough,18,14,13.99,white wine,new-zealand,new world,,marlborough wine,0.777777778
The Lay and Wheeler Case x6,0,0,161.99,fine wine,,,,chablis,
The Ned Noble Sauvignon Blanc 2015 Half Bottle,31,29,14.99,white wine,new-zealand,new world,,marlborough wine,0.935483871
The Ned Pinot Grigio 2016/2017 Marlborough,178,166,10.99,white wine,new-zealand,new world,,marlborough wine,0.93258427
"The Ned Pinot Noir 2016 Southern Valleys, Marlborough",58,53,13.99,red wine,new-zealand,new world,,marlborough wine,0.913793103
"The Ned RosÈ 2017 Waihopai River, Marlborough",100,93,11.99,rose wine,,,,,0.93
The Ned Waihopai River Sauvignon Blanc 2016/2017 Marlborough,1266,1198,10.99,white wine,new-zealand,new world,,marlborough wine,0.94628752
Tom·s Postigo 2014 Ribera del Duero,6,4,33,fine wine,spanish,old world,tempranillo,,0.666666667
"Torresilo 2015 Cillar de Silos, Ribera del Duero",6,6,33,fine wine,spanish,old world,tempranillo,,1
Touraine Sauvignon 2016 Domaine Joel Delaunay,6,6,11.99,white wine,french,old world,sauvignon blanc,,1
Tourrela Bordeaux 2014,37,23,9.99,red wine,,,,,0.621621622
Trebuchet Red 2016 Western Cape,30,24,8.99,red wine,south-african,new world,,,0.8
Valle Antigua Chardonnay 2017,13,10,7.99,white wine,chilean,new world,chardonnay,,0.769230769
Valle Antigua Sauvignon Blanc 2017,11,9,7.99,white wine,chilean,new world,,,0.818181818
VallÈe Des Pins RosÈ 2016 CÙteaux d'Aix en Provence,37,34,8.99,rose wine,french,old world,,,0.918918919
Valpolicella Classico 2015/2016 Cantina di Negrar,62,54,9.99,red wine,italian,old world,,,0.870967742
Valpolicella Ripasso 2015 Villa Borghetti,96,88,13.99,red wine,italian,old world,,,0.916666667
Valpolicella Superiore Ripasso 2014 La Casetta,141,136,16.99,red wine,italian,old world,,,0.964539007
Vasse Felix Cabernet Sauvignon 2014,8,6,15.99,red wine,australian,new world,,,0.75
Verdicchio dei Castelli di Jesi 2016 Monte Schiavo,29,24,8.99,white wine,italian,old world,,,0.827586207
Vereto Salice Salentino 2013 Agricole Vallone,20,17,11.99,red wine,,,,,0.85
Villa Maria Cellar Selection Pinot Noir 2016 Marlborough,42,38,15.99,red wine,new-zealand,new world,,marlborough wine,0.904761905
Villa Maria Cellar Selection Sauvignon Blanc 2016 Marlborough,84,81,12.99,white wine,new-zealand,new world,sauvignon blanc,marlborough wine,0.964285714
Villa Maria Private Bin Gew¸rztraminer 2016 East Coast,44,35,10.99,white wine,new-zealand,new world,,,0.795454545
Villa Maria Private Bin Riesling 2016 Marlborough,59,53,10.49,white wine,new-zealand,new world,riesling,marlborough wine,0.898305085
Villa Maria Private Bin Sauvignon Blanc 2017/2016 Marlborough,576,562,10.99,white wine,new-zealand,new world,sauvignon blanc,marlborough wine,0.975694444
Villa Maria Reserve Sauvignon Blanc 2016 Marlborough,87,85,13.99,white wine,new-zealand,new world,sauvignon blanc,marlborough wine,0.977011494
Villemarin Picpoul de Pinet 2016 CÙteaux du Languedoc,230,214,9.99,white wine,french,old world,,south of france,0.930434783
"Vin de Constance 2013 Klein Constantia, Constantia",12,12,56,fine wine,south-african,new world,,,1
Vinalba Malbec Bonarda 2016,29,24,9.99,red wine,argentinian,new world,malbec,,0.827586207
Vinhas Do Silvado Tinto,9,7,7.99,red wine,portuguese,old world,,,0.777777778
Vinhos do Silvado Branco 2016,8,6,7.99,white wine,portuguese,old world,,,0.75
Vire Clesse Pierre Ponnelle,3,2,15.99,white wine,french,old world,,burgundy,0.666666667
VirÈ-ClessÈ Vieilles Vignes 2016 Christophe Cordier,12,12,16.99,white wine,french,old world,chardonnay,,1
ViÒalba Fifty 50 2015 Uco Valley,78,74,12.99,red wine,argentinian,new world,malbec,,0.948717949
ViÒalba Gran Reservado Malbec 2014 Mendoza,33,30,16.99,red wine,argentinian,new world,malbec,,0.909090909
ViÒalba Malbec-Touriga Nacional Reserve 2015 Mendoza,58,52,12.99,red wine,argentinian,new world,malbec,,0.896551724
ViÒalba Reserve Malbec 2015 Mendoza,273,242,12.99,red wine,argentinian,new world,,,0.886446886
ViÒalba SelecciÛn TorrontÈs 2016 Lujan de Cuyo,19,15,9.99,white wine,argentinian,new world,,,0.789473684
Vouvray Grande AnnÈe 1989 Marc BrÈdif,0,0,55,fine wine,french,old world,,,
Vox Populi Bobal 2014 Utiel-Requena,57,50,10.99,red wine,spanish,old world,,,0.877192982
Waimea Estate Gew¸rztraminer 2016 Nelson,89,77,14.99,white wine,new-zealand,new world,,,0.865168539
Waimea Estate Gr¸ner Veltliner 2016 Nelson,14,12,13.99,white wine,new-zealand,new world,,,0.857142857
Waimea Estate Sauvignon Blanc 2016 Nelson,109,98,12.99,white wine,new-zealand,new world,sauvignon blanc,,0.899082569
Wakefield Estate Chardonnay 2016 Clare Valley,18,16,11.99,white wine,australian,new world,,,0.888888889
Wakefield Estate Shiraz 2016 Clare Valley,144,137,11.99,red wine,australian,new world,,,0.951388889
Wakefield Jaraman Coonawarra Shiraz,3,3,16.99,red wine,,,,,1
Whiz Bang Barossa Shiraz ,7,6,13.99,red wine,,,,,0.857142857
Winemaker Series Chardonnay,10,9,10.99,white wine,,,,,0.9
Winemaker Series Shiraz 2016,16,15,11.99,red wine,australian,new world,,,0.9375
Winemaker Series Swartland red 2016,18,16,12.99,red wine,south-african,new world,,,0.888888889
X de Larrivaux 2011,2,0,13.99,red wine,french,old world,merlot,,0
Xanadu Exmoor Chardonnay,4,2,12.99,white wine,,,chardonnay,,0.5
Yalumba Y-Series Cabernet Sauvignon 2014 South Australia,30,24,10.99,red wine,,,,,0.8
Z de Thienpont 2012,0,0,9.99,red wine,,,,,
Zingo Malbec RosÈ 2017,1,1,9.99,rose wine,,,,,1